id,Current Place,Latitude,Longitude,Place of interest,Latitude.1,Longitude.1,Food you like most,Leisure time activity,Future plan,Typically your days are started at:,Timestamp,Score,Gender,Height,Weight,CGPA,Daily spent time in social media (hour),Hometown,How many days in a week you feel more energetic,Favorite transport mode,Favorite food names,Expected food price of that favorite food,Month cost for that particular food,What do you like home delivery or eat in the restaurant,University travel cost monthly,Hobby,Travel package you prefer,Sickness-frequency in a month,Favorite food in summer/winter/rainy season,Food flavor,Hangout location(Spend most of the time),Typically you go out with,Travel budget,favourite restaurant,Unnamed: 25,Restaurant location,Live with family(y/n),Are you happy with current situation?,Number of programming hours spent per day,Sleep duration,Do you start your day by planning(y/n),Do you have online shopping experience (y/n),Do you use products for grooming(y/n),Favourite food in rainy season,Prefers(food_quality/environment),No of time home delivery over a month(Number),No of time goes to restaurant over a month( n umber),Pickup location of yours for bus,Pickup time of yours for bus,Your bank name,Preferred shopping area,Monthly frequencies of shopping,Do you prefer to play in Gaming Zone ?,Are you fashion active,Which colour do you prefer(red/yellow)?,Which cloths do you choose to wear(urban/linen shirt and trousers/jeans&shirt)?,Do you feel low seeing other people's achievement on social media,Recently how many of your family members/neighbours affected by dengue,do you find bargaining pleasing?,Actual motive behind your future goal?,Would you still pursue your goal if the motive behind it is fulfilled in another way?,Do you think it is a good idea to go to a well known shop just for the sake of social status?why?,How much do you earn monthly?,Wake up time?,When is your class starting time,When is your class ending time,What do you love most?,Are you satisfied with your country’s law?,Which law do you prefer more?,What’s your view about law enforcement groups?,Are you eager to harm yourself to defend your beliefs?,"How frequently you visit a doctor within a year""",How many people do you follow on social media?,How much time you spend in university without academic curriculum(in hour)?,Are you rich in vocabulary?,"Class note taking tendency(High,Low,Medium)","Theory class attendance(High,Low,Medium)","Theory class interest(h,l,m)","Lab interest(h,l,m)",Preference(class lectures cl or online tutorials),Timestamp_x,I try to do better than what is expected from me,"If I get more change, I return",Its no use worrying about public affairs.,Are you a book lover?,Is there any book store in your area?,Blood type.,Being introverted or extroverted.,Concerned about life (a) or goes too easy on life (b).,Estimated work time per day.,How much time YOU plays game daily(in average HOUR)?,Budget for buying a laptop,Do you feel guilty if you use spare time to relax?,Do you need to win in order to derive enjoyment from games and sports?,Do you often try to do more than one thing at a time?,Do you find it difficult and frustrating to wait in line?,Are you more of a morning person?,Would you consider yourself to be a perfectionist?,Timestamp_y,what kind of foods you generally eat in the breakfast time?,number of private tuition or part time activities,where he/she has spent their childhood(city/countryside),favourite destination(mountain/sea/forest),Do you follow proper diet chart ?(y/n),Do you frequently eat fast foods  ? (y/n),Do you exercise ? (everyday/never/sometimes ),"How much you prefer to spend when you are going out for dinner or lunch ?( 200-300,400-600,700-1000,1000+)",Number of diabetic affected family members,Blood pressure: a)High b)Normal c)Low,Waist Circumference(cm) (a) less than 80 (b) 80-94 (c) 94-102 (d) greater than 102,Do you feel yourself depressed in a hostile situation?,Do you feel insecure among the strangers?,Are you impatient in general?,Do you feel confident when you start any project?,Are you helpful towards your family & friends?,Do you like listening songs?,Do you get angry instantly if anything goes wrong?,(a) iPhone or (b) other smartphone?,Do you agree with this statement? - 'Look does not matter' a)Yes b)No,Mobile games are- a)fun and interesting b) boring and waste of time c) do not care,Favorite mobile game genre is- a) War game b) Racing c) Puzzle,study time (hour)
151340982,Bangshal,-32.34861,151.924576,Cox's Bazar,21.41127,91.995891,Burger,Series,Entrepreneur,LR,3/25/2019 14:47:04,0 / 1,Female,5'4'',60.0,3.48,2019-05-02 00:00:00,Dhaka,2019-02-01 00:00:00,Rickshaw,Burger,1000,200,eating in a restaurant,3000.0,Watch movies,Silver,1,cold drink/coffee/pickels,Sweet,AUST,Family,5000-10000,chillox,Option 1,Dhanmondi,Yes,No,2.0,8.0,No,Yes,Yes,Pickels,food_quality,0.0,2,bakshibazar,07:00:00,sonali bank,new market,5,Yes,Yes,RED,urban,No,0,Yes,to be independent,yes,no,0,06:00:00,08:00:00,18:00:00,Religion,No,Religious law,Negative,No,2,10,0,Maybe,Medium,h,High,Medium,Online tutorials,2019/04/01 3:33:17 PM GMT+6,True,False,False,Yes,Yes,B+,Yes,A,10 hour,1,60000,Yes,No,Yes,Yes,Yes,No,2019/04/04 5:35:06 PM GMT+6,ruti  & dim bhaji,0,city,sea,Maybe,No,No,400-600,0,Normal,92.0,Yes,Yes,No,Yes,Yes,Yes,Maybe,b,Yes,C,C,7
151340985,Lalbag,23.70731,90.41548,Home,23.70731,90.41548,Any,All,Higher Studies,LR,3/25/2019 14:36:36,0 / 1,Male,6'1'',85.0,3.2,Below 1 hour,Dhaka,3,Rickshaw,anything that tastes good,400,2000,Home delivery,4000.0,Gaming,Silver,low,anything that tastes good,Spicy,home,Friends,6000,sultans dine,Option 1,dhanmondi,Yes,Maybe,2.0,5.0,No,Yes,Maybe,khichuri,food_quality,10.0,10,ajimpur,6am,bangladesh bank,elephant road,low,Maybe,No,Yellow,jeans&shirt,Maybe,2,Maybe,to be independent and free,maybe,no. all that glitters is not gold,0,10:00:00,10:30:00,03:30:00,Religion,No,Religious law,Negative,Maybe,once or twice a year,3,4,Yes,Low,l,Low,High,Online tutorials,2019/04/01 3:32:49 PM GMT+6,True,True,True,No,Yes,b+,Yes,A,5hours,2,100000,No,Yes,Yes,Yes,No,No,2019/04/04 2:21:12 PM GMT+6,i usually don't eat breakfast,1,city,sea,No,Yes,No,400-600,1,Normal,95.0,No,No,No,Yes,Yes,Yes,No,b,Yes,C,C,3
151340990,Dania,23.701443,90.442194,Cox's Bazar,21.41127,91.995891,khichuri,movies,job,LR,3/25/2019 14:39:13,0 / 1,Female,5'2'',55.0,3.059,2019-05-02 00:00:00,Comilla,2019-02-01 00:00:00,Rickshaw,burger,150,300,eating in a restaurant,5000.0,movie,Gold,2,khichuri,Sweet,jatrabari,Family,5k,appeliano,Option 1,khilgao,Yes,Maybe,1.0,6.0,No,Yes,Yes,khichuri,food_quality,1.0,5,Dholaipar,9,Al Arafa Islami Bank,panthapath,2,Maybe,Maybe,RED,urban,No,2,No,money,no,no,0,08:00:00,10:30:00,03:30:00,Religion,No,Religious law,Negative,No,3,10,1,No,Low,m,Medium,Medium,Online tutorials,2019/04/01 3:30:48 PM GMT+6,True,True,False,Maybe,Maybe,A+,Yes,B,1,1,60K,No,No,No,Yes,No,No,2019/04/04 3:16:00 PM GMT+6,Parata,0,Dhaka,Sea,No,Maybe,Maybe,500,1,Low,100.0,Yes,Yes,Yes,No,Maybe,Yes,Yes,b,No,a,B,2
151340994,Shamoli,23.70731,90.41548,Tejgaon,23.733103,90.368848,Biriyani,Movies,Game Development,LR,3/25/2019 14:36:24,0 / 1,Male,"5'10""",75.0,3.1,Above 5 hour,Kushtia,3,Cycle,Biriyani,200,400,eating in a restaurant,0.0,Digital Art,Gold,1,Khichuri,Sweet,Shyamoli,Friends,6000,Chef's Cuisine,Option 1,Shyamoli,Yes,Yes,2.0,8.0,Maybe,Yes,No,Khichuri,food_quality,3.0,3,Shyamoli,10:00:00,0,Dhaka College,1,No,Maybe,RED,urban trousers,Maybe,0,Yes,Pure joy of Making games and having others play,yes,no,10000,09:00:00,10:30:00,15:30:00,Religion,Yes,Religious law,positive,No,2,50,1,No,Medium,h,Medium,High,Online tutorials,2019/04/01 3:32:24 PM GMT+6,True,False,True,Maybe,Yes,B+,Yes,A,5,1,55000,No,No,Yes,No,Yes,No,2019/04/05 3:09:31 PM GMT+6,ruti,1,city,sea,No,Yes,No,200-300,1,Normal,2.0,No,Yes,Yes,No,Yes,Yes,No,b,Yes,a,C,2
151340894,Mirpur,23.776604,90.382988,Saint Martin,20.623345,92.323007,Biriyani,listening music,Higher Study,08:00:00,3/27/2019 12:44:36,0 / 1,Male,6 feet,73.0,2.84,2019-05-02 00:00:00,Comilla,5,Cycle,Tehari,120,600,eating in a restaurant,4000.0,Listening Song,Platinum,No,Mango/biriyani/khichuri,Spicy,University,Friends,6000,Pizzaburg,Option 1,Mirpur 1,Yes,Maybe,0.0,8.0,No,Yes,Maybe,Khichuri,food_quality,1.0,3,Mirpur 11 1/2,07:00:00,0,New Market,1,No,Maybe,RED,Jeans&shirt,No,0,Yes,0,0,No,5000,07:00:00,08:00:00,03:30:00,Country,No,Country law,Negative,No,2,15,3,Maybe,Low,0.9,Low,Medium,Online tutorials,2019/04/06 4:53:33 AM GMT+6,False,True,False,Maybe,Yes,A+,Yes,B,2,1,80000,Maybe,No,Yes,Yes,Yes,No,2019/04/06 4:51:19 AM GMT+6,light,0,city,mountain,No,Yes,Maybe,200-300,1,Normal,83.82,Maybe,No,Yes,No,Maybe,Yes,No,b,Yes,C,A,1
151340897,Mohanogor,23.734558,90.384998,Canada,56.130367,-106.346771,Egg and Milk,Reading Newspapers,Higher Study,06:30:00,3/27/2019 12:41:13,0 / 1,Male,"6.0""",85.0,3.53,Below 1 hour,Brahmanbaria,5,Cycle,Milk,200,300,Home delivery,0.0,Reading Newspaper,Silver,1,Pitha,Sweet,Room,Friends,100,B Baria,Option 1,B Baria,Yes,Yes,0.0,6.0,Maybe,Yes,No,Pitha,Warm,0.0,0,Hatirjhil,Hatirjhil,I have not,Bashundhara City,1,No,No,RED,urban,No,0,No,To make my family happy,yes,No,1000,06:30:00,08:00:00,04:30:00,Religion,No,Religious law,Negative,No,less frequent,very few,around 1 hour,Maybe,Medium,h,High,Medium,Online tutorials,2019/04/04 5:47:28 PM GMT+6,True,True,True,Maybe,No,A+,Yes,A,7,1,50000,Yes,Yes,Yes,No,Yes,No,2019/04/04 5:44:02 PM GMT+6,Ruti,Reading Newspaper,Brahmanbaria,Bandarban,No,No,No,200-300,0,Normal,80.0,Maybe,Maybe,No,Maybe,Yes,No,No,b,Yes,B,A,6
151340898,Gopibag,23.722109,90.426212,Bandarban,-7.73352,112.95887,Tea,ChitChat with friends,Traveling,10:00:00,3/27/2019 12:39:08,0 / 1,Female,5.5,60.0,3.77,2019-05-02 00:00:00,Dhaka,3,Rickshaw,Coffee,80,500,eating in a restaurant,3000.0,Reading Books,Gold,1,Coffee/Coffee/Coffee,Sweet,Bailey Road,Friends,10000,North End,Option 1,Gulshan,Yes,Maybe,3.0,6.0,No,Yes,Yes,Coffee,environment,1.0,10,Motijheel,10,One Bank,Dhanmondi,1,No,Maybe,RED,urban,Yes,0,No,Make my mother proud,Yes,No. Showing off is not the real happiness.,10000,10:00:00,10:30:00,15:30:00,Religion,No,Country law,Negative,No,1,20,3,Yes,Low,m,Medium,High,Online tutorials,2019/04/05 1:59:57 AM GMT+6,True,True,False,Yes,No,B+,Yes,A,8 hour,1,"70,000",Yes,No,Yes,Yes,No,Yes,2019/04/04 10:02:23 PM GMT+6,Serial,2,city,mountain,No,Yes,No,200-300,4,Low,80.0,Yes,Yes,Yes,Yes,Yes,Yes,Yes,b,Yes,a,B,3
151340901,Shantinagar,23.7382,90.4143,Malaysia,4.2105,101.9758,Biriyani,Online Gaming,BCS,09:00:00,3/27/2019 12:45:49,0 / 1,Male,5'8'',82.0,3.246,2019-05-02 00:00:00,"Kurigram, Rangpur",4,Rickshaw,Mutton Biriyani,140,500,Home delivery,3000.0,Online Gaming,Gold,0,mango/biriyani/khichuri,Spicy,Bailey Road,Friends,6000,Cafe Darbar,Option 1,Dhanmondi,Yes,Maybe,2.0,5.0,No,Yes,No,khichuri,food_qualiy,10.0,2,Shantinagar,10,City Bank,Bashundhara City,0,Yes,No,RED,jeans & shirt,No,0,Yes,Safe Life,Yes,No. sometimes seek high price,5000,07:00:00,08:00:00,03:30:00,Religion,Maybe,Religious law,Negative,No,1,1,2,Maybe,Medium,m,Medium,High,Online tutorials,2019/04/04 1:07:20 PM GMT+6,True,True,False,Yes,Yes,A+,Yes,B,7-8 hours,2,60000,No,No,Yes,No,No,Maybe,2019/04/05 12:23:44 AM GMT+6,Bread,0,city,mountain,No,Yes,Yes,400-600,2,Normal,3.0,No,Yes,No,No,Yes,Yes,No,b,Yes,a,C,4
151340903,Narinda,23.70731,90.41548,Istanbul,41.00824,28.978359,Mutton,Documentary,Afflulent,11:00:00,3/27/2019 12:42:34,0 / 1,Male,5.6 feet,68.0,2.85,2019-05-02 00:00:00,Dhaka,3,Cycle,Tehari,150tk,1500tk,eating in a restaurant,1500.0,Research,Silver,2,Mango/kacchi/ice-cream,Spicy,tong,Friends,7000,Bukhara,Option 1,Banani,Yes,Yes,1.0,10.0,Maybe,No,Maybe,ice-cream,food_quality,0.0,4,Gulistan,09:30:00,0,Bashundhara Super Market,1,No,Maybe,RED,jeans&shirt,Maybe,8,Maybe,Data Distribution,Yes,"No, Its stupid",20000,11:45:00,10:30:00,15:30:00,Religion,No,Religious law,Negative,No,2,300,2,Yes,Low,h,High,High,Class lectures,2019/04/04 1:08:54 PM GMT+6,True,False,False,Maybe,Yes,A+,No,B,3,1,80000,Yes,No,Maybe,Yes,No,No,2019/04/04 1:12:07 PM GMT+6,Bread,2,city,sea,Yes,Maybe,Maybe,200-300,2,Low,85.0,Maybe,No,Maybe,Maybe,Maybe,Yes,Yes,b,No,C,C,3
151340905,Shahidbag,23.828959,90.375672,Paris,48.856613,2.352222,Pizza,Cooking,Teaching,09:00:00,3/27/2019 12:37:01,0 / 1,Female,5.2,58.0,3.93,2019-05-02 00:00:00,Comilla,2019-02-01 00:00:00,Rickshaw,Pizza,500,1000,eating in a restaurant,4500.0,Cooking,Silver,2,Khichuri,Spicy,Baily Road,Friends,5000,Alkaderia Express,Option 1,Malibag Chowdhurypara,Yes,No,1.0,8.0,Maybe,Yes,Yes,Khichuri,food_quality,2.0,3,Malibag,9.00 am,Dutch Bangla Bank Limited,Islampur,2,Maybe,Maybe,Yellow,urban,Maybe,0,No,I want to pursue teaching,No,No,10000,09:30:00,08:00:00,15:30:00,Religion,No,Religious law,Negative,No,2,20,1,Maybe,High,h,Medium,Medium,Online tutorials,2019/04/04 2:14:17 PM GMT+6,False,True,False,Yes,Yes,A+,Yes,A,14,1,50000,Yes,Yes,Yes,Yes,No,No,2019/04/04 2:16:51 PM GMT+6,porota shobji,4,dhaka,sea,No,Yes,No,200-300,1,Normal,85.0,Yes,Yes,Yes,No,Maybe,Yes,Yes,b,Yes,a,B,2
151340907,Rampura,23.70731,90.41548,Chittagong,22.356852,91.78318,Biriyani,Reading Books,Teaching,09:00:00,3/27/2019 12:41:23,0 / 1,Male,5.7,62.0,3.31,2019-05-02 00:00:00,Chittagong,3,Rickshaw,Biriyani,160,1000,eating in a restaurant,500.0,Playing Cricket,Silver,1,Khichuri,Spicy,Dhanmondi,Friends,2000,Cafe Appeliano,0,"Khilgaon, Dhaka",No,Yes,1.0,6.0,Yes,Yes,No,Khichuri,food_quality,0.0,3,Rampura,11:00:00,Mutual trust Bank,Bashundhara,1,Maybe,Maybe,RED,jeans&shirt,No,0,Yes,I want to pursue teaching,no,No. Not necessary,4000,09:00:00,10:30:00,03:30:00,Religion,Yes,Religious law,positive,No,1,10,2,No,Medium,h,Medium,Medium,Class lectures,2019/04/04 1:00:21 PM GMT+6,True,True,True,Maybe,No,B+,No,A,6,1,50000,No,No,Maybe,Yes,No,No,2019/04/04 5:52:23 PM GMT+6,Bread,2,Chittagong ,sea,No,Maybe,No,200-300,1,Normal,80.0,Maybe,No,No,Yes,Yes,Yes,No,b,Yes,C,B,4
151340909,Aftabnagar,23.768518,90.425641,Philipines,12.879721,121.774017,Chicken,"watching movies,series",Entrepreneur,10:00:00,3/27/2019 12:42:49,0 / 1,Female,5''9',74.0,3.58,2019-05-02 00:00:00,Comilla,3,Rickshaw,Chicken,300,3000,Home delivery,2000.0,Watching Movie,Platinum,once,lichi/pitha/chicken & khichuri,Sweet,University,Friends,8000,Yum Cha district,0,Banani,Yes,Maybe,0.0,10.0,Maybe,Yes,Yes,khichui & chicken,environment,0.0,4,Not applicable,Not applicable,Not applicable,Rampura,5,Maybe,Yes,RED,urban,Maybe,2,Maybe,Money,Probably,No,3000,09:00:00,10:00:00,15:30:00,Country,No,Country law,Negative,No,once,50,2,Maybe,Low,m,Low,High,Online tutorials,2019/04/04 7:59:42 PM GMT+6,True,True,False,Maybe,No,B+,Yes,A,3,1,60000,Maybe,Yes,Yes,Yes,No,No,2019/04/04 7:57:33 PM GMT+6,"oats meal, fruits",none,city,sea,Maybe,No,Yes,400-600,2,Normal,90.0,Maybe,Yes,Yes,No,Maybe,Yes,Maybe,a,Yes,a,C,2
151340910,Goran,12.16007,7.87021,Kashmir,33.778175,76.576172,Kacchi,playing cricket,bcs,12:00:00,3/27/2019 12:45:49,0 / 1,Male,5.11,110.0,3.62,2019-05-02 00:00:00,Dhaka,4,Rickshaw,kacchi,150,500,Home delivery,2000.0,playing cricket,Gold,0,mango/ polao/kichuri,Sweet,khilgoan,Friends,5000,cafe darbar,Option 1,Dhanmondi,Yes,Maybe,1.0,8.0,No,Yes,No,kichuri,environment,0.0,2,0,0,0,Panthopath,1000,No,Maybe,RED,jeans&shirt,No,0,No,money,no,no,5000,12:01:00,08:00:00,03:30:00,Religion,No,Religious law,Negative,No,3,100,2,No,Medium,h,High,High,Class lectures,2019/04/04 1:18:51 PM GMT+6,True,True,False,No,Maybe,A+,No,A,1hour,1,60000,Yes,Yes,Maybe,Yes,No,Yes,2019/04/04 1:23:36 PM GMT+6,Bread,2,Dhaka,Sea,No,Yes,Maybe,200-300,2,Normal,102.0,Maybe,Maybe,Yes,No,Yes,Yes,No,b,Yes,C,B,1
151340911,Tejgaon,23.759815,90.391319,Bandarban,21.4311,92.3686,Pasta,Watching Movies,Travelling,10:00:00,3/27/2019 12:46:18,0 / 1,Female,"5'4""",60.0,2.9,2019-05-02 00:00:00,Rangpur,3,Rickshaw,Pasta/Pizza,250,500,eating in a restaurant,1000.0,Watchinf Movies,Gold,2019-07-05 00:00:00,Juice/Rich food/Khichuri,Spicy,Dhanmondi/Khilgaon,Family,7k,Chile Kotha,Option 1,Dhanmondi,No,No,1.0,6.0,No,Yes,Yes,Khichuri,Food_quality,3.0,2,Gulshan,17:00:00,City Bank,Gulshan,3,Yes,Yes,RED,urban,No,0,Yes,Self dependency,Yes,No,@k,08:00:00,10:00:00,06:00:00,Religion,No,Religious law,Negative,No,2019-05-04 00:00:00,300,1,Yes,Medium,M,Medium,Medium,Online tutorials,2019/04/04 6:45:40 PM GMT+6,True,True,False,Yes,Yes,O+,Yes,A,3-4 hours,1,80k,No,Yes,Yes,Yes,Yes,Maybe,2019/04/04 6:40:53 PM GMT+6,Bread,0,Dhaka,Sea,No,No,No,400-600,1,Low,82.0,Yes,Yes,No,Maybe,Yes,Yes,Yes,b,Yes,a,B,1
151340913,Rampura,23.70731,90.41548,Bandarban,21.4311,92.3686,Pasta,Reading Books,Travelling,09:00:00,3/27/2019 12:43:37,0 / 1,Female,5'2'',50.0,3.4,Above 5 hour,Mymensingh,3,Rickshaw,Pasta,190,600,eating in a restaurant,1800.0,Reading book,Gold,0,"Mango,Soup,Khichuri",Spicy,Khilgaon,Friends,5000,Blue Sky Lounge,Option 1,Khilgaon,Yes,Yes,1.0,8.0,Maybe,Yes,Yes,Khichuri,environment,2.0,5,Rampura,5pm,Janata Bank,Basundhora RA,4,No,Yes,RED,trousers/jeans&shirt,Yes,no one,Yes,Parents,yes,no,no,09:00:00,10:00:00,15:00:00,Country,No,Religious law,positive,No,2,5,1,No,Medium,h,Medium,Medium,Online tutorials,2019/04/04 8:08:02 PM GMT+6,False,True,True,Yes,Yes,B+,No,B,2,1,50k,Maybe,Yes,Yes,Yes,No,No,2019/04/04 8:12:17 PM GMT+6,Rice,0,city,mountain,No,Yes,Maybe,200-300,2,Normal,75.0,Yes,Yes,Yes,No,Yes,Yes,Maybe,b,No,a,C,3
151340916,Rampura,23.70731,90.41548,Saint martin,20.62301751,92.32021205,Hilsa,Watching movies,Web developer,10:00:00,3/27/2019 12:45:55,0 / 1,Male,5'6'',55.0,0.0,2019-05-02 00:00:00,Chittagong,4,Car,fish,30,350,eating in a restaurant,0.0,playing cricket,Platinum,0,"icecream,khichuri,khichuri",Spicy,bonani,Friends,8000,pabulum,Option 1,Malibagh,No,Yes,1.0,10.0,No,Yes,Yes,khichuri,food_quality,0.0,4,no need,0,fsib,rampura,3,Yes,No,RED,shirt,No,0,No,my family,yes,no,0,10:00:00,08:00:00,03:00:00,Religion,No,Religious law,positive,Yes,0,5,1000,Yes,High,h,High,High,Class lectures,2019/04/04 4:29:45 PM GMT+6,False,False,False,Maybe,No,B+,Yes,A,4hr,1,100000,No,Yes,No,Yes,Yes,No,2019/04/04 5:51:44 PM GMT+6,Egg,2private tution,City,Sea,No,No,Maybe,1000+,0,Normal,80.0,Maybe,No,No,Yes,Yes,Yes,Maybe,b,Yes,B,C,3
151340920,Khilgaon,23.743617,90.426681,lecco,45.852982,9.39007,Kacchi,Graphics Design,Ai Architecture,11:00:00,3/27/2019 12:44:14,0 / 1,Male,"5'5""",82.0,2.7,2019-05-02 00:00:00,Tangail,2,Rickshaw,Kacchi,160,640,Home delivery,2000.0,Graphics Design,Gold,0,Mango/Vapa Pitha/Khichuri,Spicy,Khilgaon,Friends,5000,Grind House,Option 1,Khilgaon,Yes,Yes,2.0,5.0,No,Yes,No,Khichuri,Less Crowded,1.0,7,khilgaon,08:00:00,Dutch Bangla Bank,Daraz,1,No,Maybe,RED,jeans&shirt,Maybe,0,Maybe,Elon Musk,yes,No,10000,09:00:00,10:30:00,03:30:00,Religion,Yes,Religious law,positive,No,2,100,60 minute,Maybe,Medium,h,Medium,High,Online tutorials,2019/04/04 4:04:31 PM GMT+6,True,True,False,Yes,Yes,B+,Yes,B,3,1,"60,000",Maybe,Yes,Yes,Yes,No,Yes,2019/04/04 4:01:59 PM GMT+6,Bread & Egg,2,Gazipur,mountain,No,Yes,No,200-300,2,Normal,80.0,Maybe,No,Yes,Maybe,Yes,Yes,Yes,b,Yes,a,A,2
151341035,Green Road,46.09124,-67.755478,Madrid,40.416775,-3.70379,Nothing Specific,Playing Games,Higher Study,11:00:00,3/24/2019 15:30:41,0 / 1,Male,5'5'',50.0,3.62,2019-05-02 00:00:00,Chandpur,5,Rickshaw,Not anything in particular,na,na,eating in a restaurant,2000.0,Playing games,Platinum,na,na,Spicy,Farmgate,Friends,na,na,Option 1,na,Yes,Yes,1.0,8.0,No,Yes,No,na,food_quality,1.0,2,na,na,na,New Market,2019-02-01 00:00:00,Yes,Maybe,RED,trousers/jeans&shirt,No,na,Yes,Parents,Yes,No.,100000,10:00:00,08:00:00,18:00:00,Religion,No,Religious law,Negative,Yes,2019-03-02 00:00:00,100000,2019-03-02 00:00:00,Maybe,High,h,High,High,Class lectures,2019/03/31 3:29:28 PM GMT+6,True,True,False,Maybe,Yes,B+,No,A,1-2 hours,3,60-70 thousand,No,Maybe,Maybe,Yes,Maybe,Maybe,2019/04/04 1:19:08 PM GMT+6,rice,0,city,sea,Maybe,Yes,No,300-400,0,Normal,80.0,No,No,Maybe,Yes,Yes,Yes,Yes,b,No,a,A,2
121440946,Mirpur,23.838115,90.36452,New York,40.712776,-74.005974,Nothing Specific,Listening songs,Higher Study,07:00:00,3/29/2019 0:23:23,0 / 1,Male,5 ft 10 inch,90.0,2.34,Below 1 hour,Comilla,5,Bus,Soup,150,300,Home delivery,800.0,Gardening,Silver,Fever,Fruits,Sweet,Gazipur,Alone,400,Xinxian,0,Mirpur,Yes,Yes,2.0,6.0,Maybe,Yes,Yes,Khichury,Environment,3.0,1,Mirpur,Mirpur,One bank,Mirpur,Educational,Yes,No,Yellow,Linen shirt and trousers,No,None,No,Self sufficient,No,No.it is not a good idea,200,06:00:00,08:00:00,06:00:00,Religion,Maybe,Religious law,positive,No,3,20,2,Yes,Medium,H,Medium,Medium,Online tutorials,2019/03/31 3:31:13 PM GMT+6,True,True,True,Yes,No,AB+,No,A,12,1,25000,Maybe,Yes,No,Yes,Yes,No,2019/04/04 8:47:48 PM GMT+6,roti,1,Dhaka,Sundarban,No,Maybe,Maybe,200-300,0,Normal,81.0,Maybe,Maybe,Maybe,Maybe,Yes,Yes,Maybe,b,Yes,C,C,4
151341043,Siddheswari,23.70731,90.41548,New York,40.712776,-74.005974,Nothing Specific,Watching Cricket,Higher Study,10:00:00,3/29/2019 1:19:02,0 / 1,Male,5 feet 8 inch,70.0,3.845,2019-05-02 00:00:00,Munshiganj,2,Car,Payes,200,200,Home delivery,600.0,Watching cricket,Gold,1,Payes/Payes/Payes,Sweet,Munshiganj,Family,2000,BFC,Option 1,Siddeswari,Yes,Maybe,0.5,10.0,No,No,No,Payes,food_quality,2.0,5,Mouchak,10:00:00,Sonali Bank,Siddeswari,1,No,Maybe,RED,jeans&shirt,No,0,Yes,To be successful and honest,Yes,No.I don't like show off,0,09:00:00,10:30:00,18:00:00,Religion,Maybe,Religious law,positive,Yes,2,250,0,No,High,High,High,High,Class lectures,2019/03/31 3:31:45 PM GMT+6,True,True,True,Maybe,Yes,B+,Yes,A,6 Hours,1,41500,Maybe,Maybe,Maybe,Maybe,No,No,2019/04/04 9:21:24 PM GMT+6,Bengali,0,Dhaka,Sea,No,Yes,No,200-300,0,Normal,90.0,Maybe,Maybe,No,Maybe,Yes,Yes,No,a,Yes,C,B,2
141440945,Dhanmondi,23.741067,90.364753,Columbia,36.133583,-95.951584,Nothing specific,Watching Movie,Higher Study,09:30:00,3/24/2019 15:32:33,0 / 1,Male,5 feet 10.5 inches,72.0,2.88,2019-05-02 00:00:00,Kushtia,4,Car,Pasta,235,470,Home delivery,3000.0,Playing Football,Gold,1,Mango,Spicy,My room,Alone,5000,Take out,Option 1,Dhanmondi,Yes,No,3.0,5.0,Maybe,Yes,Yes,khichuri,environment,2.0,2,zigatola,Afternoon,Pubali Bank,dhanmondi,1,Yes,Maybe,RED,jeans&shirt,Yes,2,No,Live decently,Yes,No,15000,09:00:00,08:00:00,18:00:00,Religion,No,Country law,Negative,No,0,200,0,Maybe,High,High,Medium,High,Online tutorials,2019/03/31 3:29:59 PM GMT+6,True,True,True,Yes,No,a+,Yes,A,3-6 hours,2,1lac,No,Yes,No,Yes,Maybe,Maybe,2019/04/04 1:06:49 PM GMT+6,bread and vegetables,3,city,mountain,Maybe,Yes,Yes,200-300,0,Normal,70.0,No,Maybe,No,No,Maybe,Yes,Maybe,b,No,a,B,5
151341040,Niketan,23.77195,90.410318,Barcelona,41.385063,2.173404,Anything if cooked perfectly,Reading Books,Working on Machine Learning Field,12:00:00,3/29/2019 1:03:11,0 / 1,Female,"5'2""",56.0,3.246,2019-05-02 00:00:00,Chittagong,3,Rickshaw,Pasta,300,300,Home delivery,1800.0,Reading Books,Gold,0,Cold Drinks/Cheese Cake/Khichuri-kalabhuna,Spicy,Varsity,Friends,5000,Barcode,Option 1,Banani,No,Yes,0.0,6.0,Yes,Yes,No,Khichuri-Kala-bhuna,Food-quality,2.0,2,0,0,Dutch Bangla Bank,DCC,1,Yes,No,RED,Linen Kamij,Yes,0,Yes,To fulfill my parents' dream,Yes,No. I don't think so.,0,12:00:00,08:00:00,15:30:00,Country,No,Country law,positive,Yes,3,Around 100,2019-05-04 00:00:00,No,Low,M,Low,High,Online tutorials,2019/03/31 3:25:33 PM GMT+6,True,True,True,Yes,No,O+,Yes,A,5,1,0,Yes,No,Yes,No,No,No,2019/04/04 9:47:57 PM GMT+6,Nothing,0,City,Sea,No,Yes,Maybe,200-300,1,Low,90.0,Yes,Yes,No,No,Yes,Yes,No,b,Yes,B,C,5
151341045,Wireless Gate,23.7822038,90.4086827,Times Square,40.759,73.9845,Cheesecake,Music,Higher Study,12:00:00,3/28/2019 23:28:06,0 / 1,Male,5 ft 11 inches,80.0,3.44,2019-05-02 00:00:00,Chittagong,2019-02-01 00:00:00,Car,Cheescake,Butler's Chocolate Cafe,1000,Home delivery,1500.0,Music,Gold,<1,0,Sweet,Banani,Friends,4000,Butler's Chocolate Cafe,Option 1,Gulshan,No,Yes,1.0,8.0,No,Yes,No,Khichudi,food_quality,10.0,2,0,0,United Commercial Bank,Banani,<1,No,Yes,RED,jeans&shirt,Yes,0,No,Personal Satisfaction,Yes,No,0,07:45:00,08:00:00,18:00:00,Religion,No,Religious law,Negative,Maybe,2,100,1,Maybe,Low,h,Medium,High,Online tutorials,2019/03/31 3:31:44 PM GMT+6,True,False,True,Maybe,Maybe,B+,Yes,A,4,1,50000,Yes,Yes,No,Yes,No,No,2019/04/04 3:49:13 PM GMT+6,Bread,1,city,sea,No,Yes,No,400-600,2,Normal,2.0,Yes,Yes,Yes,Yes,Yes,Yes,Yes,b,No,a,A,3
141440962,Rajarbag,23.742991,90.416032,Makkah,21.389082,39.85791,Beef,Reading,Higher Study,07:30:00,3/31/2019 10:56:25,0 / 1,Male,5.6,64.0,0.0,2019-05-02 00:00:00,Mymensingh,4,Car,Pizza,150-200,6000,Home delivery,3500.0,Watching Movies,Gold,2019-02-01 00:00:00,"Mango,black berry,orange",Spicy,Shiddeswari,Friends,6000-8000,Pizza Hut,Option 1,Baily Road,Yes,Yes,1.0,6.0,No,Yes,No,0,0,8.0,2019-04-03 00:00:00,Malibagh,7,0,Bashundhara city,2-3 times,Maybe,Maybe,RED,Jeans&shirt,No,None,No,Religion,No,"Yes,to check the quality.",0,05:00:00,08:00:00,03:30:00,Country,Maybe,Country law,positive,Maybe,2019-03-02 00:00:00,2019-06-05 00:00:00,0,No,Low,M,Low,Medium,Online tutorials,2019/03/31 3:30:06 PM GMT+6,True,True,True,Maybe,Maybe,B+,Yes,B,2 hours,1,60k,Yes,No,Yes,Yes,Yes,Maybe,2019/04/04 10:56:49 PM GMT+6,Light food,None,Mymensingh,"Mountain,sea",No,Yes,Yes,700-1000,1,Normal,79.0,No,No,Yes,Yes,Yes,Maybe,Yes,b,No,C,A,1
151341037,Mohakhali,23.781866,90.397428,Silicon Valley,37.334789,-121.888138,Biriyani,Online Games,Aerospace Engineer,09:30:00,3/24/2019 15:28:53,0 / 1,Male,5'10'',89.0,3.23,2019-05-02 00:00:00,gazipur,3,Rickshaw,kacchi,200,500,eating in a restaurant,1500.0,coocking,Silver,0,Kacchi,Spicy,Dhanmondi,Alone,3000,Sultan' Dine,0,Dhanmondi,Yes,Yes,3.0,6.0,Yes,Yes,No,kacchi,food quality,0.0,1,0,0,DBBL,New Market,0,Yes,Yes,0,jeans & shirt,No,0,Yes,Parents,Yes,No,10k,10:00:00,01:00:00,15:30:00,Religion,No,Country law,Negative,No,5,20000,0,Yes,Medium,h,High,High,Online tutorials,2019/03/31 3:31:44 PM GMT+6,True,True,True,Maybe,No,A-,Yes,A,5,1,100000,Yes,Yes,Yes,No,No,No,2019/04/05 12:14:32 AM GMT+6,Bread,1,dhaka,sea,No,No,No,400-600,0,High,94.0,Yes,Yes,Yes,Yes,Yes,Yes,Yes,b,Yes,C,C,3
151341038,Siddheswari,23.70731,90.415482,Paris,48.856613,2.352222,Nothing specific,Painting,Higher Study,11:00:00,3/24/2019 15:30:36,0 / 1,Female,"5'2""",57.0,3.0,2019-05-02 00:00:00,Jessore,3,Car,Pasta,300,1000,eating in a restaurant,3000.0,Painting,Platinum,2019-04-03 00:00:00,Tea,Spicy,Dhanmondi,Friends,1000,Nerdy Beans,Option 1,Dhanmondi,Yes,No,1.0,10.0,No,Yes,Maybe,Khichuri,Food Quality,2.0,4,None,None,None,Baily Road,2,Maybe,Maybe,RED,urban,Maybe,3,No,Be self independent,yes I will persue my goal,no.,none,01:30:00,03:30:00,06:00:00,Country,No,Country law,Negative,No,2019-05-04 00:00:00,100+,2019-02-01 00:00:00,Maybe,Medium,0,Medium,Medium,Online tutorials,2019/03/31 3:27:54 PM GMT+6,True,True,False,Yes,Yes,a+ve,Yes,A,8hr,1,70k,No,Yes,Yes,Yes,No,Yes,2019/04/04 12:41:29 PM GMT+6,Fruits and oats,1,city,mountain,No,Yes,No,200-300,2,Low,28.0,Yes,Yes,Yes,No,No,Yes,Yes,b,No,C,C,4
151341039,Niketan,23.772723,90.407411,Florence,43.769562,11.255814,Pasta,Gaming,Game Development,10.00 AM,3/28/2019 23:23:21,0 / 1,Male,5ft 9 inch,75.0,3.3,2019-05-02 00:00:00,Rajshahi,2019-02-01 00:00:00,Rickshaw,Pasta,300,2000,Home delivery,1300.0,Gaming,Gold,5,Pasta,Spicy,Dhanmondi Lake,Friends,Depends on the place(modest budget),Dining Lounge,Option 1,Khilgaon,Yes,Yes,5.0,8.0,No,Yes,No,Pasta,Environment,10.0,5,Mohakhali,10:00:00,DBBL,Gulshan,1,Yes,No,RED,urban/linen shirt and trousers,No,0,No,Developing and playing games,Yes,"No,because managing economy and getting something comfortable enough are more important than thinking about status",30000,10:00:00,10:30:00,15:30:00,Religion,No,Religious law,positive,Maybe,10,15,0,Yes,Low,h,Low,High,Online tutorials,2019/03/31 3:31:38 PM GMT+6,False,True,False,Yes,Maybe,O+,Yes,B,5,5,100000,No,Maybe,Yes,Yes,No,No,2019/04/04 9:47:56 PM GMT+6,Home made light foods,3,City,Sea,No,No,No,700-1000,0,Normal,89.0,Yes,Yes,Yes,Yes,Yes,Yes,Yes,b,No,a,B,4
151341036,North Road,23.743926,90.387736,phuket,7.951933,98.338089,waffle,watching movies,Higher Study,10:00:00,3/31/2019 10:54:50,0 / 1,Female,5.4,56.0,3.43,2019-05-02 00:00:00,tangail,2,Car,waffle,250,1000,eating in a restaurant,6000.0,cooking,Gold,2 times,lichi /orange/khichuri,Spicy,restaurants in shatmosjid road,Friends,15k,woodhouse grill,Option 1,gulshan,Yes,No,2.0,10.0,No,Yes,Yes,khichuri,environment,2.0,3,science lab,08:00:00,brac,dhanmondi,2019-03-02 00:00:00,Yes,Yes,RED,jeans & shirt,Yes,0,Yes,become an independent woman,yes,"no , social media is a part of life , not everything . i don't take social media that seriously .",0,09:00:00,10:00:00,04:00:00,Country,No,Religious law,Negative,No,2019-09-08 00:00:00,20,2019-03-02 00:00:00,No,Medium,m,Medium,High,Class lectures,2019/03/31 3:27:39 PM GMT+6,False,True,False,No,Yes,A+,Yes,A,8,1,60,No,No,No,Yes,Maybe,No,2019/04/06 9:22:51 AM GMT+6,rice,nothing,city,sea,No,Yes,No,200-300,0,Low,78.0,Yes,No,No,Yes,Yes,Yes,Yes,b,No,C,C,4
131440910,Modhubag,23.757242,90.412399,Paris,48.856613,2.352222,Pizza,sketch,Graphic Design,09:00:00,3/29/2019 3:00:10,0 / 1,Female,"5'3""",42.0,2.5,2019-05-02 00:00:00,Bogra,4,Rickshaw,pizza,300,300,Home delivery,0.0,making sketch,Silver,sometime,mango,Sweet,At friend's house,Friends,medium,Al fresco,Option 1,khilgaon,No,No,1.0,6.0,Yes,Yes,No,green tea,food quality,2.0,2019-03-02 00:00:00,none,none,none,gulshan,1/2 times,No,Maybe,Yellow,all,No,none,No,earn money,yes,no,3000,09:00:00,10:30:00,18:00:00,Religion,No,Religious law,Negative,No,sometimes,few,0,Maybe,Medium,m,Medium,High,Class lectures,2019/03/31 3:28:09 PM GMT+6,True,True,False,Yes,Yes,B+ve,Yes,A,4,1,40000,Maybe,Maybe,Yes,Maybe,No,No,2019/04/04 2:44:19 PM GMT+6,Bread,2,City,Mountain,No,Yes,Maybe,200-300,1,Normal,80.0,Yes,Yes,Yes,Maybe,Yes,Yes,Yes,b,Yes,C,C,3
141340900,modhubag,23.757243,90.412399,New York,40.712776,-74.005974,Kacchi,Watching cricket,Any job,08:00:00,3/28/2019 23:17:47,0 / 1,Male,5'8'',70.0,2.47,Above 5 hour,Rajshahi,5,0,Beef,450,1500,eating in a restaurant,3000.0,Playing cricket,Gold,2,Mango,Spicy,Rajshahi,Alone,3000,AL KADERIA,Option 1,Hazipara,No,No,2.0,5.0,No,Yes,No,KHichudi,0,2.0,2,"WEst hazipara,rampura ,dhaka",8,Islami bank limited,Basundhara,2,No,No,RED,urban,No,0,Yes,dont know,yes,yes,0,07:00:00,01:00:00,13:00:00,Country,No,Country law,Negative,Yes,1,200,0,Maybe,Low,0,0,Medium,Online tutorials,2019/03/31 3:30:27 PM GMT+6,False,True,True,No,No,ab-,No,A,0hr,5,50 thousand,Yes,Yes,Yes,Yes,No,No,2019/04/04 5:54:27 PM GMT+6,nothing,0,coountryside,mountain,No,Yes,No,1,0,Normal,80.0,Yes,No,Yes,No,Yes,Yes,No,b,0,a,A,1
151341008,Katasur,40.28236,-79.69305,Bandarban,-7.73352,112.95887,Kacchi Biriyani,Sleeping,Don't have,06:00:00,3/24/2019 14:34:00,0 / 1,Female,5.3,48.0,3.33,2019-05-02 00:00:00,Bagerhat,3,Rickshaw,Kacchi Biriyani,150 BDT,150 BDT,Home delivery,2500.0,"Reading story books,travelling.",Gold,2 times,Kacchi Biriyani,Spicy,Ahsanullah University Of Science And Technology,Family,5000,Khana's,Option 1,Mohammadpur,Yes,No,1.0,6.0,Maybe,Yes,Yes,Khicuri with Hilsha Fry,Both,2.0,5,Mohammadpur Bus stand,7,Standard Charterd,Dhanmondi,2,Yes,No,RED,jeans&shirt,Yes,0,Yes,Money And Power,Depends.,"NO,i don't think it is a good idea.",0,06:30:00,08:00:00,06:00:00,Religion,No,Religious law,Negative,No,2,500,3 hours,Maybe,Low,h,High,Medium,Class lectures,2019/04/04 1:00:27 PM GMT+6,False,True,False,Yes,Yes,B+,Yes,B,8 hour,1,50000 taka,No,Yes,Yes,Yes,Yes,No,2019/04/04 1:03:30 PM GMT+6,Breads and egg,0,City,Mountain,No,Yes,No,200-300,2,Low,98.0,Yes,Yes,Yes,No,Yes,Yes,Yes,b,Yes,C,C,1
151341004,Lalmatia,23.7571291,90.3685188,Switzerland,46.547513,7.985291,Fast Food,Newspaper,HS,09:00:00,3/23/2019 19:10:21,0 / 2,0,5.7,0.0,0.0,0,0,0,Car,0,0,0,0,0.0,0,0,0,0,Sweet,0,0,0,0,0,0,0,0,0.0,0.0,0,0,0,0,0,0.0,0,0,0,0,0,0,0,0,0,0,0,0,0,0,0,0,0,0,0,0,0,0,0,0,0,0,0,0,0,0,0,High,High,Class lectures,2019/04/04 10:06:57 PM GMT+6,True,True,False,Yes,Yes,O+,Yes,A,8 hour,1,1 lakh,Yes,Yes,Yes,Yes,Yes,Maybe,2019/04/04 10:10:49 PM GMT+6,bread and vegetable,0,City,Sea,Yes,No,Yes,400-600,0,Normal,80.0,Yes,No,Yes,Yes,Yes,Yes,Maybe,b,Yes,a,C,8
151341004,Lalmatia,23.7571291,90.3685188,Switzerland,46.547513,7.985291,Fast Food,Newspaper,HS,09:00:00,3/24/2019 14:41:32,0 / 1,Male,5'6'',70.0,3.71,Below 1 hour,Feni,4,Car,Burger,300,600,eating in a restaurant,900.0,Playing guitar,Gold,1,Burger,Spicy,Dhanmondi,Friends,10000,Barcode,Option 1,Gulshan,Yes,Yes,3.0,6.0,Yes,Yes,Yes,Burger,food_quality,2.0,6,Farmgate,10:00:00,Standard Chartered,Panthapath,1,Yes,Yes,RED,trousers/jeans&shirt,No,0,Yes,Travelling,Yes,No.,0,09:00:00,10:30:00,15:30:00,Religion,No,Religious law,Negative,No,10,113,1,Yes,High,h,High,High,Class lectures,2019/04/04 10:06:57 PM GMT+6,True,True,False,Yes,Yes,O+,Yes,A,8 hour,1,1 lakh,Yes,Yes,Yes,Yes,Yes,Maybe,2019/04/04 10:10:49 PM GMT+6,bread and vegetable,0,City,Sea,Yes,No,Yes,400-600,0,Normal,80.0,Yes,No,Yes,Yes,Yes,Yes,Maybe,b,Yes,a,C,8
151341006,Mirpur Dohs,23.70731,90.41548,Bandarban,21.8311,92.368632,Fast Food,Sleeping,To get a good job,11:00:00,3/24/2019 14:35:16,0 / 1,Female,4.1,51.0,3.0,Above 5 hour,Satkhira,2019-02-01 00:00:00,Car,"Pizza, Chines food, Indian food, Burger, Pasta",300,300,Home delivery,200.0,browsing internet,Gold,1 times,every season,Sweet,university area,Family,5000,northend,0,dhanmondi,Yes,No,1.0,6.0,No,Yes,Yes,coffee,both,1.0,1,shaguftaa,08:00:00,southeast bank,"mirpur,banani",2 times,Yes,Yes,RED,urban,Yes,0,Maybe,to become self dependent,maybe,no,0,10:00:00,10:00:00,03:30:00,Religion,No,Religious law,Negative,Maybe,3 times,20,1 hour,No,High,h,High,Medium,Online tutorials,2019/04/04 1:11:19 PM GMT+6,True,True,True,Maybe,No,B+,Yes,A,2 hour,1,30k,Maybe,Yes,Maybe,Yes,No,No,2019/04/04 1:16:06 PM GMT+6,"egg, ruti",0,city,"mountain,sea",No,Yes,Yes,200-300,5,Normal,85.0,No,Yes,Yes,No,Maybe,Yes,Yes,b,Yes,a,C,2
151341016,Banasree,22.513531,88.301537,turkey,38.963745,35.24332,Chinese food,Gaming,Game Developer,07:00:00,3/29/2019 0:21:29,0 / 1,Male,5'5'',62.0,3.15,Below 1 hour,munshigang,2,Car,burger,200,500,eating in a restaurant,150.0,gaming,Platinum,5,none,Spicy,banasree,Family,5000,pebulum,Option 1,shantinagar,Yes,Yes,2.0,5.0,Yes,Yes,No,none,food_quality,1.0,15,banasree,1pm,none,none,0,Yes,No,RED,jeans & shirt,No,none,No,i love gaming so i want to develop game,yes,yes because they will treat me specially,0,07:00:00,13:00:00,18:00:00,Religion,No,Religious law,Negative,Maybe,1,5,0,No,Low,h,High,High,Online tutorials,2019/04/04 7:25:30 PM GMT+6,True,True,True,Yes,Yes,O+,Yes,A,5,3,60000,Yes,Yes,Yes,Yes,Yes,Yes,2019/04/04 7:28:02 PM GMT+6,bread,0,city,sea,No,Yes,Yes,700-1000,1,Normal,70.0,Yes,No,Yes,Yes,Yes,Yes,Yes,b,Yes,C,B,4
151341013,Jigatola,23.738078,90.372485,Srimangal,24.310454,91.725342,Regular Food,Sports,Software Developer,10:00:00,3/24/2019 14:42:14,0 / 1,Male,5'6'',75.0,3.4,Below 1 hour,Chandpur,3,Cycle,soup and onthon,300,600,eating in a restaurant,1000.0,"anime, tv series and movies",Silver,0,soup and onthon,Spicy,Dhanmondi Park,Friends,3000,Street 11,0,Banani,Yes,No,1.0,8.0,No,Yes,No,soup and onthon,food quality,0.0,2,zigatola,8,Janata Bank,Newmarket,1,No,No,RED,jeans and shirt,Maybe,0,Yes,money,yes,no,0,09:30:00,10:30:00,03:30:00,Religion,No,Religious law,Negative,Yes,2,50,1,Yes,Low,m,Medium,High,Online tutorials,2019/04/04 2:13:23 PM GMT+6,False,True,True,No,No,A+,Yes,A,6,1,"50,000tk",No,Maybe,Yes,Yes,No,No,2019/04/04 2:17:46 PM GMT+6,"Bread, Eggs, light snacks",0,city,sea,No,Maybe,No,200-300,2,Normal,85.0,Yes,Yes,Yes,Yes,Yes,Yes,No,b,Yes,a,B,2
151341026,Chand Housing,23.758861,90.35858,Bandarban,21.8311,92.368632,Regular Food,Sports ,Don't have,10:30:00,3/24/2019 14:41:22,0 / 1,Male,"5'8""",64.0,3.3,2019-05-02 00:00:00,Manikgong,4,Cycle,Kacchi,180,720,eating in a restaurant,2500.0,Drawing,Gold,2,Halim,Spicy,Mohammadpur,Friends,5000,Chillox,Option 1,Dhanmondi,Yes,Yes,1.0,8.0,No,Yes,No,khichuri,food_quality,1.0,3,Mohammadpur,08:00:00,DBBL,Boshundhara City,1,No,Yes,RED,jeans&shirt,Yes,1,Yes,"Love to watch anime, So want to work as Motion Graphics Designer",Maybe,No,None,10:00:00,11:00:00,03:30:00,Religion,No,Religious law,Negative,Maybe,1,30,3,No,High,h,High,Medium,Online tutorials,2019/04/04 1:05:57 PM GMT+6,True,True,True,Yes,Yes,B+,No,B,2,2,35000,Yes,Yes,Yes,Yes,No,No,2019/04/04 7:44:06 PM GMT+6,bread & egg,1,city,mountain,No,No,Yes,200-300,2,Normal,81.28,Yes,No,No,Maybe,Yes,Yes,No,b,Yes,a,A,2
151341023,Shekhertek,23.838511,90.224784,Cox's Bazar,21.43392,91.98703,Cold Beverage,Reading Books,HS,06:00:00,3/24/2019 14:36:29,0 / 1,Female,5 feet 5 inch,40.0,3.42,2019-05-02 00:00:00,B.Baria,2019-02-01 00:00:00,Rickshaw,"Icecream,Pasta,Chinese",200,600,Home delivery,2500.0,Reading Books,Gold,2,Juice/Coffee/Khichuri,Sweet,University,Friends,5000,Pizza Square,Option 1,Mohammadpur,Yes,No,1.0,6.0,Maybe,Yes,Yes,Khichuri,both,2.0,4,shuchona,7,0,Mohammadpur,5,No,No,RED,linen shirt and trousers,Maybe,0,No,Earning,yes,no i dont think so. Emphasis should be on the quality of the product,0,07:00:00,08:00:00,06:00:00,Religion,No,Religious law,Negative,Maybe,5,10,7,Maybe,Medium,h,Medium,Medium,Online tutorials,2019/04/04 6:55:14 PM GMT+6,True,True,True,Yes,No,A+,No,B,3/4 hours,1,50k,Maybe,Yes,Maybe,Yes,No,Maybe,2019/04/04 7:03:46 PM GMT+6,ruti and egg,1,city,sea,No,Yes,Maybe,200-300,1,Low,80.0,No,Maybe,Yes,No,Yes,Maybe,Yes,b,No,a,C,2
151341027,Modhubag,23.760223,90.411561,Bandarban,21.8311,92.368632,Regular Food,Sleeping,Don't have,12:00:00,3/24/2019 14:46:23,0 / 1,Male,5.1,70.0,3.76,2019-05-02 00:00:00,Pabna,3,Rickshaw,Grilled Chicken,90,200,eating in a restaurant,0.0,Watching Movie,Silver,2,winter,Spicy,University,Friends,1000,Star Kebab,Option 1,Dhanmondi,No,No,3.0,10.0,Maybe,Yes,No,Spicy Muri,food_quality,0.0,3,none,none,Brac Bank,New Market,1,No,No,Yellow,jeans&shirt,Maybe,1,No,Knowledge & Money,No,No,0,10:00:00,10:30:00,18:00:00,Religion,No,Religious law,positive,Maybe,5,10,2,No,High,h,Medium,High,Online tutorials,2019/04/04 7:05:47 PM GMT+6,True,True,False,Yes,No,O+,Yes,A,6,1,50000,No,Maybe,No,Maybe,No,No,2019/04/04 7:01:31 PM GMT+6,bread,0,countryside,sea,No,No,No,200-300,1,Normal,80.0,Maybe,Maybe,Maybe,Maybe,Maybe,Yes,Yes,b,No,a,B,3
151341015,Kafrul,23.70731,90.415482,Sunamganj,25.04561,91.387138,Regular Food,Sports,Don't have,10:00:00,3/24/2019 15:19:47,0 / 1,Male,5'8'',65.0,2.965,2019-05-02 00:00:00,Dinajpur,2,Rickshaw,Kacchi,200,0,eating in a restaurant,1800.0,Travelling,Gold,0,Bhuna Khichuri,Spicy,0,Friends,4000,Sultan's Dine,Option 1,Dhanmondi,Yes,Maybe,2.0,6.0,Maybe,Yes,No,Bhuna Khichuri,food_quality,0.0,2,Kakoli,12:00:00,0,Basundhara,1,Yes,No,RED,jeans&shirt,No,0,Maybe,0,May be,Yes.,0,08:00:00,13:00:00,18:00:00,Country,Maybe,Country law,positive,No,1,0,2,No,Medium,m,Medium,High,Online tutorials,2019/04/04 9:59:50 PM GMT+6,True,True,True,Yes,Yes,A +ve,Yes,A,3,2,"60,000",No,Maybe,Yes,Yes,No,No,2019/04/04 10:02:36 PM GMT+6,Bread with fried egg,0,Faridpur,Sunamganj,No,Yes,Maybe,200-300,1,Normal,88.0,Maybe,No,Maybe,Maybe,Yes,Yes,Maybe,b,Yes,a,C,2
151341028,Mirpur 6,23.814654,90.362371,Bandarban,22.19534,92.21946,Regular Food,Sports,Don't have,10:00:00,3/24/2019 23:08:08,0 / 1,Male,5.9,58.0,3.38,Below 1 hour,Noakhali,2,Bus,Biriyani,200,200,eating in a restaurant,2500.0,Playing Football,Silver,2,winter,Sweet,University,Friends,3000,Sultan dine's,Option 1,Jigatola,Yes,No,3.0,8.0,Yes,No,No,Khichuri,food_quality,0.0,3,Mirpur,11am,none,Mirpur 1,1,No,No,Yellow,jeans&shirt,Maybe,0,No,"Money, Knowledge and Respect",maybe,No.,0,08:00:00,10:30:00,15:30:00,Country,No,Country law,Negative,Maybe,3,100,1,No,Medium,m,Medium,High,Online tutorials,2019/04/04 6:26:29 PM GMT+6,True,False,True,No,Maybe,O+,Yes,A,4,1,50000,Yes,No,Yes,Yes,No,No,2019/04/04 6:32:01 PM GMT+6,paratha,1,city,mountain,No,Maybe,Maybe,200-300,1,Normal,76.0,No,Maybe,No,Maybe,Yes,Yes,Maybe,b,No,a,C,2
151341011,Mugda,23.729556,90.429214,Cox's Bazar,21.439138,91.967015,Regular Food,Watching movie,Don't have,11:00:00,3/24/2019 14:33:55,0 / 1,Male,161.544,59.0,3.72,2019-05-02 00:00:00,kishoregonj,2019-02-01 00:00:00,Rickshaw,Kacci,200,400,eating in a restaurant,2000.0,not specific anything,Silver,0,0,Sweet,versity,Friends,0,nothing special,0,0,Yes,No,0.5,8.0,No,No,No,nothing special,food_quality,1.0,2,mugda,10 min,no,no preference,2-3 times over a year,No,No,Yellow,jeans&shirt,Maybe,0,Yes,money making,yes,no. this is a kiddy idea,0$,10:00:00,10:00:00,15:00:00,Religion,Maybe,Religious law,Negative,Maybe,1-2 times on average,2019-10-05 00:00:00,2019-02-01 00:00:00,No,High,h,High,High,Class lectures,2019/04/04 12:58:20 PM GMT+6,True,False,False,No,Yes,o+,Yes,A,3hour,1,0tk,Maybe,No,Yes,Maybe,No,Maybe,2019/04/04 12:54:50 PM GMT+6,bread or rice,0,countryside,sea,No,No,No,200-300,1,Normal,80.0,Yes,Maybe,Yes,Yes,Maybe,Yes,Yes,b,Yes,C,0,2
151341014,Bijoy Sarani,23.761888,90.390841,Canada,43.70011,-79.4163,Fast Food,Watching TV Series,Data Scientist,12:00:00,3/24/2019 14:40:12,0 / 1,Male,5'10'',74.0,3.36,2019-05-02 00:00:00,Dhaka,2,Rickshaw,"Burger, Pizza, Kacchi Biriyani",500,2000,eating in a restaurant,1500.0,"Watching movies, listening to music",Gold,Once,Cold Beverage/Coffee/Khichuri,Spicy,Farmgate,Friends,4000,Madchef,0,Dhanmondi,Yes,Maybe,1.0,6.0,No,Yes,Maybe,Khichuri,food_quality,1.0,5,Farmgate,12:00:00,Dutch Bangla Bank,New Market,Once,Maybe,Maybe,RED,Jeans&shirt,No,None,No,Luxury,Maybe,Maybe,7000,00:00:00,10:30:00,03:30:00,Country,No,Country law,Negative,No,Twice,50,1,Maybe,Low,l,Low,Medium,Online tutorials,2019/04/04 11:24:23 PM GMT+6,False,True,False,Maybe,Yes,I don't know,Yes,A,2,1,"50,000",No,No,Maybe,Yes,No,No,2019/04/05 12:01:00 AM GMT+6,Bread with egg,2,City,Sea,No,Yes,Maybe,200-300,0,Normal,85.0,Maybe,No,Maybe,No,Maybe,Yes,No,b,No,a,A,1
151341005,Bashabo,23.70731,90.415482,Switzerland,46.547513,7.985291,Chinese,Playing Violine,Software Developer,08:00:00,3/24/2019 14:35:08,0 / 1,Female,4'11'',46.0,3.27,2019-05-02 00:00:00,Mymensingh,2019-02-01 00:00:00,Rickshaw,chinese,300,900,eating in a restaurant,3500.0,playing violin,Gold,3 days,pizza/biriyani/khichuri,Spicy,Baily Road,Friends,5000,Nandos,Option 1,Gulshan,Yes,Yes,1.0,8.0,No,Yes,No,Khichuri,both,2.0,5,Bashabo,10:00:00,Sudipta,Baily Road,3,Yes,No,RED,jeans&shirt,Yes,0,No,Financially Independence,NO,No. It is illogical.,0,08:00:00,08:00:00,18:00:00,Country,No,Country law,Negative,No,5,25,4,No,Low,h,Medium,High,Online tutorials,2019/04/04 7:47:19 PM GMT+6,False,True,False,Maybe,Yes,B+,Yes,A,5,1,45,No,Yes,Yes,Yes,Yes,No,2019/04/04 7:52:29 PM GMT+6,Bread and egg,1,city,sea,No,No,No,200-300,1,Normal,81.0,Yes,Yes,Yes,No,No,Yes,Yes,b,No,a,A,1
151341009,East Rampura,23.708022,90.417885,Mount Everest,27.988121,86.924973,Chinese food,Reading Books,Higher Study,11:00:00,3/24/2019 14:39:33,0 / 1,Female,"5'4""",49.0,3.64,2019-05-02 00:00:00,Chandpur,5,Rickshaw,"Pasta, Pizza, Kacchi, Chinese",300,300,eating in a restaurant,1200.0,"Reading, Petting animal",Gold,5days,pasta/Kacchi/Khichuri,Spicy,University,Friends,3000,la vie sky diner,0,Dhanmondi,Yes,Yes,1.0,6.0,Yes,Yes,No,Khichuri,both,1.0,1,none,none,None,Gulshan,1,Yes,Yes,RED,urban,No,0,Maybe,parents,yes,No. It's totally childish,0,11:30:00,08:00:00,18:00:00,Country,No,Religious law,Negative,No,3,2019-10-05 00:00:00,0.5hr,No,High,h,High,High,Class lectures,2019/04/04 7:47:31 PM GMT+6,True,True,True,Yes,No,B(+ve),Yes,A,0,1,45k,Yes,No,No,Maybe,No,No,2019/04/04 7:52:39 PM GMT+6,Rice,0,city,mountain,No,Maybe,No,200-300,2,Normal,80.0,Yes,No,No,Yes,Yes,Maybe,Maybe,b,No,C,C,1
151341022,Mohanogor Project ,23.7676,90.4147,Sajek,23.382,92.2938,Fast Food,Watching movie,Don't have,11:00:00,3/24/2019 14:42:29,0 / 1,Male,"5'10""",50.0,2.69,Above 5 hour,Comilla,3,Car,"Kacchi, Mutton",300,2000,Home delivery,700.0,"Travelling, Gaming",Platinum,3,Bhuna khichuri,Spicy,Not Specific,Friends,6000,"Not specific, Depends on environment",Option 1,Null,No,No,2.0,8.0,No,Yes,Yes,Khichuri,food_quality,2.0,2,Rampura,09:00:00,0,Boshundhora Shopping Mall,3,Yes,Yes,RED,jeans & shirt,Yes,Null,Yes,No future goal actually,No,Yes,0,10:00:00,10:30:00,15:30:00,Country,No,Religious law,Negative,No,2019-04-03 00:00:00,30,2,Maybe,Low,m,Medium,Medium,Online tutorials,2019/04/04 9:08:33 PM GMT+6,True,True,False,Maybe,No,O+,No,B,2 hours ,5,100000,No,Maybe,Yes,Yes,No,No,2019/04/04 9:13:31 PM GMT+6,Fast food,2,Comilla,Mountain,No,Yes,No,700-1000,0,Low,1.0,Yes,Maybe,Yes,Maybe,Yes,Yes,Yes,b,Yes,a,B,2
151341029,Segunbagicha,23.7325976,90.4025838,Spain,40.463669,-3.74922,Mix Food, watching movie and anime,give own IT Farm,10:30:00,3/24/2019 14:35:07,0 / 1,Male,"5'5""",96.0,3.43,Below 1 hour,Manikgonj,3,Car,"Chinese, Pizza, Pasta, Noodles, Polao, Roast",1500,3000,Home delivery,3000.0,"Reading books, Watching movies",Platinum,1 or 2 days,"cold coffee, pasta, soup, khicuri",Sweet,Varsity,Friends,2500,Mid Night Sun,0,"Khilgaon, Dhanmondi",Yes,Maybe,8.0,6.0,No,Yes,Yes,"Khicuri, Pasta, Pizza, Polao",food_quality,2.0,5,Segunbagicha,07:45:00,UCBL,Dhanmondi,2,Yes,No,RED,jeans&shirt / linen shirt and trousers,No,0,Yes,To become entrepreneur,"yes, I would",no,1000,10:00:00,13:00:00,18:00:00,Country,Maybe,Religious law,positive,No,1 or 2,15+,2,No,Medium,h,Medium,High,Online tutorials,2019/04/05 1:10:01 AM GMT+6,True,True,False,Yes,No,A+,Yes,A,10,1,40000,Maybe,No,Yes,Maybe,No,Yes,2019/04/05 1:14:41 AM GMT+6,traditional,0,city,mountain,No,Yes,Yes,400-600,2,Normal,94.0,No,Maybe,No,Yes,Yes,Yes,Maybe,b,Yes,a,C,5
151341010,Farmgate,23.7561067,90.3871960999999,Sunamganj,25.04561,91.387138,Regular Food,Watching movie,Web Developer,08:00:00,3/29/2019 0:51:29,0 / 1,Male,5'8,90.0,3.18,2019-05-02 00:00:00,Dhaka,2019-02-01 00:00:00,Car,Biriyani,200,200,eating in a restaurant,1200.0,Watching Movies,Platinum,0,0,Sweet,0,Friends,0,0,0,0,Yes,Yes,1.0,10.0,No,Yes,No,Khichuri,food_quality,0.0,1,Farmgate,7.30 am,0,New Market,0,No,No,Yellow,jeans&shirt,No,0,No,0,0,0,0,08:00:00,10:30:00,15:30:00,Religion,No,Religious law,Negative,No,0,0,1,No,Low,m,Low,Medium,Online tutorials,2019/04/04 6:34:31 PM GMT+6,True,True,True,No,No,AB+,Yes,B,6,1,40000,No,No,Yes,Yes,Maybe,Maybe,2019/04/04 6:38:25 PM GMT+6,Porota,0,city,sea,No,Yes,No,200-300,3,Normal,80.0,Maybe,Yes,Maybe,Yes,Maybe,Maybe,No,b,Yes,C,A,1
151341020,Mirpur 60 Feet,23.790579,90.365308,Meghalaya,25.572491,91.31076,Kacchi Biriyani,Playing games and watching Movies,Higher Study,9.30 Am,3/28/2019 23:26:16,0 / 1,Male,"5'6""",46.0,2.97,2019-05-02 00:00:00,Mymensingh,2,Rickshaw,Biriyani,150,400,eating in a restaurant,3500.0,"Listening Music, Playing Games",Gold,2,Biriyani/Vegetables/Khichuri,Spicy,Tong,Friends,4000,TeheriGhor,Option 1,Dhanmondi,Yes,No,1.0,8.0,No,Yes,Maybe,Khichuri,quality,0.0,2,0,0,BKash,Elephant Road,1,Yes,Yes,RED,jeans&shirt,No,none,No,Money,Yes,No,8000,09:00:00,10:30:00,03:30:00,Country,No,Country law,Negative,Maybe,1,2019-03-02 00:00:00,1,Maybe,Low,M,Low,High,Online tutorials,2019/04/04 6:10:52 PM GMT+6,True,False,False,No,No,A+,No,B,2,1,70000,Maybe,Yes,Maybe,Yes,No,Yes,2019/04/04 6:13:47 PM GMT+6,Porota Bhaji,3,city,mountain,No,Yes,No,200-300,1,Low,1.0,Yes,Yes,Yes,Yes,Yes,Yes,Yes,b,Yes,C,C,1
151341012,Zigatola,23.738078,90.372485,Cox's Bazar,21.43392,91.98703,Regular Food,Sports,Don't have,09:00:00,3/24/2019 14:33:11,0 / 1,Male,5.8,78.0,2.9,Below 1 hour,Munshiganj,4,Bus,Burger,200,600,eating in a restaurant,1200.0,Traveling,Gold,0,Winter,Sweet,Dhanmundi Lake,Friends,5000-10000,Sultan's Dine,Option 1,Dhanmundi,Yes,Yes,0.3,8.0,Maybe,Yes,Maybe,Mango,Food_quality,1.0,4,Dhanmundi,9,Agroni Bank,Panthopoth,2019-03-02 00:00:00,Yes,Maybe,RED,urban,No,0,No,Live Healthy Life,No,No . No need to waste money and valuable time,0$,09:30:00,10:00:00,15:30:00,Religion,Maybe,Religious law,Negative,Maybe,1,40,2019-04-03 00:00:00,Maybe,Medium,h,Medium,Medium,Online tutorials,2019/04/04 4:20:00 PM GMT+6,True,True,True,Yes,Yes,O+,Yes,B,4,4,70k,Maybe,Maybe,No,Yes,Maybe,No,2019/04/04 4:30:37 PM GMT+6,"Egg , Bread",0,both city and countyside ,sea ,Maybe,Yes,Maybe,400-600,1,Normal,88.0,No,No,No,No,Yes,Yes,No,b,No,C,C,2
151341021,Rayerbag,23.693846,90.455336,China,34.626036,103.649834,Regular Food,"TV Series, Documentaries",Higher Study,10.00 AM,3/24/2019 14:29:31,0 / 1,Male,"5'3""",61.0,3.48,2019-05-02 00:00:00,Lakshmipur,4,Bus,"Pasta, Pizza, Kacchi, Chinese, Traditional, Rice Bowl",400,1000,eating in a restaurant,3000.0,"Watching TV Series, Anime, Documentaries. Making tutorial videos.",Silver,1,Khacchi,Spicy,Khilgaon,Friends,6000,la vie sky dinner,Option 1,Dhanmondi,Yes,Yes,3.0,8.0,No,No,Yes,"Pasta, Pizza",Both,0.0,4,Rayerbag,11,DBBL,Dhanmondi,2,No,No,RED,Jeans & Shirt,No,None,Yes,To become famous and and have my work impacting others life for well being.,Yes,No,0,10:00:00,13:00:00,18:00:00,Religion,Maybe,Country law,positive,Maybe,4,200,1,Maybe,Low,h,High,High,Online tutorials,2019/04/04 6:18:47 PM GMT+6,True,True,True,Yes,Yes,B+,Yes,A,3 hrs,1,"80,000",No,No,Yes,Yes,No,Yes,2019/04/04 6:20:45 PM GMT+6,Ruti,0,City,Forest,No,Yes,Maybe,400-600,2,Low,80.0,Maybe,No,Yes,Yes,Yes,Yes,Yes,b,Yes,C,A,1
151340923,Siddheshwari,23.744602,90.411456,Cox's Bazar,21.426979,91.971179,Pasta,Watching Movies & TV-Series,Higher Studies,09:30:00,3/27/2019 13:05:39,0 / 1,Male,"5'5""",67.0,3.68,2019-05-02 00:00:00,Dhaka,5,Car,Pasta,220,1100,eating in a restaurant,2000.0,Singing,Platinum,1,Burger,Spicy,Bailey Road,Family,5000,Cafe Appeliano,Option 1,Khilgaon,Yes,Yes,1.0,6.0,Yes,Yes,No,Khichuri,food_quality,1.0,10,Mouchak,10.30am,Eastern Bank Ltd.,Basundhara City Shopping Mall,1,No,Yes,RED,jeans&shirt,No,0,No,Parents,Yes,No. I don't like show-off things,15000,09:30:00,10:30:00,15:30:00,Country,Maybe,Country law,Negative,No,1,50,1,Yes,High,h,High,High,Class lectures,2019/04/03 12:54:28 PM GMT+6,True,True,False,Yes,Yes,B+,No,A,12,1,80000,Yes,Maybe,Maybe,Yes,Maybe,Yes,2019/04/04 9:24:06 PM GMT+6,Paratha and Daal-Vaaji,2,countryside,sea,Yes,No,Yes,400-600,1,Normal,81.28,Maybe,Maybe,No,Yes,Yes,Yes,No,b,No,a,B,6
151340925,Maniknagar,23.7213894,90.4299279,My Room,23.7213894,90.4299279,Cashew nut,Traversing Foreign Universities,PhD,06:30:00,3/27/2019 12:52:17,0 / 1,Male,5.4,60.0,3.83,Below 1 hour,Barisal,3,Bus,Burger,250,1000,eating in a restaurant,2000.0,Web Browsing,Gold,2,Burger,Spicy,Dhanmondi,Friends,5000,Chillox,Option 1,Dhanmondi,Yes,Yes,14.0,8.0,Yes,Yes,No,Khichuri,food_quality,0.0,4,Maniknagar,09:00:00,NCC Bank,Karwan Bazar,2,Yes,Yes,RED,jeans&shirt,No,0,No,Study in a Foreign University,Yes,No,20000,07:00:00,10:30:00,03:30:00,Country,No,Country law,Negative,No,6,50,6,Yes,High,h,High,High,Online tutorials,2019/04/03 12:50:13 PM GMT+6,True,True,True,Yes,No,O+,Yes,A,4,1,100000,No,No,Yes,Yes,Yes,Yes,2019/04/04 5:42:36 PM GMT+6,Bread with egg,4,city,sea,No,Maybe,Maybe,400-600,1,Normal,80.0,No,No,No,Yes,Yes,Yes,No,b,Yes,C,A,3
151340926,Maniknagar,23.722595,90.429585,Sylhet,24.8949,91.8687,Cashew nut,Photography,Software Developer,09:00:00,3/27/2019 13:04:01,0 / 1,Male,5 feet 4 inches,60.0,3.21,2019-05-02 00:00:00,Dhaka,2,Car,Burger,200,1200,eating in a restaurant,3300.0,Photography,Gold,2,summer,Spicy,Khilgaon,Friends,8000,Chillox,Option 1,Dhanmondi,Yes,Yes,1.0,8.0,Maybe,Yes,No,khichuri,fresh,2.0,8,Kamlapur,22:00:00,Al-Arafah Islami bank,Maniknagar,5,Yes,Yes,RED,jeans & shirt,Yes,2,Yes,depend on Interest of mine,Yes,No,12000,10:00:00,10:30:00,03:30:00,Religion,No,Religious law,positive,No,2,300,1,Yes,Medium,high,Medium,Medium,Online tutorials,2019/04/03 12:55:51 PM GMT+6,True,True,False,Yes,No,O (+ve),Yes,A,6,1,80000,Yes,Yes,Yes,Yes,No,Yes,2019/04/04 1:00:14 PM GMT+6,carbohydrate,1,city,sea,No,Yes,Maybe,400-600,1,Normal,80.0,Yes,Yes,Yes,Yes,Yes,Yes,Yes,b,Yes,a,A,2
151340927,Mirpur-12,23.70731,90.41548,Khulna,22.84193,89.55806,Spicy food,Movie,Teacher,08:00:00,3/27/2019 12:55:46,0 / 1,Female,5'3'',45.0,3.46,Above 5 hour,Feni,4,Rickshaw,pizza,500,1000,Home delivery,6000.0,Desig,Platinum,2,Khichuri,Spicy,Mirpur,Friends,5000,pizza inn,Option 1,0,Yes,Yes,2.0,5.0,Maybe,Yes,Yes,Khichuri,Good,2.0,3,kalshi mor,07:00:00,Dutch Bangla Bank,Banani,4,Maybe,Yes,RED,urban,Maybe,0,Yes,My mother,yes,"No, i do shopping for myself",10000,06:30:00,08:00:00,15:30:00,Religion,No,Religious law,Negative,Yes,1,420,0.5,Maybe,Medium,h,High,Medium,Online tutorials,2019/04/03 12:51:41 PM GMT+6,True,True,True,Maybe,No,AB+,Yes,A,10hours,2,40000,No,No,Yes,Yes,Yes,Yes,2019/04/04 11:17:45 PM GMT+6,Porota,3,City,Mountain ,No,No,No,400-600,2,Low,80.0,Yes,Yes,Maybe,Yes,Yes,Yes,Yes,b,Yes,a,C,3
151340928,Mirpur,23.807085049999,90.3686128112537,Shylet,24.8258310594943,91.7174938274547,Biriyani,Gaming,Software Developer,09:30:00,3/27/2019 12:53:38,0 / 1,Male,6 feet 1 inch,65.0,3.64,2019-05-02 00:00:00,Kushtia,3,Car,"Kacchi,Burger",250,500,eating in a restaurant,600.0,Playing video games,Gold,0-1,Coffee,Spicy,Mirpur,Friends,5000,Xinxian,Option 1,Mirpur,Yes,Yes,0.0,8.0,No,Yes,No,Khichuri,Good,1.0,3,Mirpur-10,07:00:00,One Bank,Bashundhara City Shopping Complex,1,Yes,No,RED,jeans&shirt,Maybe,None,No,Still not decided,Maybe,No,None,10:00:00,10:30:00,15:30:00,Country,Maybe,Country law,positive,No,3,30,1,Maybe,Low,h,Medium,Medium,Class lectures,2019/04/03 12:52:59 PM GMT+6,True,True,True,Maybe,No,A+,No,B,6,2,60000,Maybe,No,Yes,Maybe,No,No,2019/04/04 7:21:48 PM GMT+6,Bread and Cake,0,countryside,mountain,No,Yes,No,200-300,0,Normal,84.0,Maybe,Maybe,Maybe,No,Yes,Yes,No,b,No,C,A,3
151340930,Motijheel,23.70731,90.415482,Sajek Valley,22.343038,91.84274,Porota Dalbhaji,Twitch live Streaming,Software Developer,06:00:00,3/27/2019 13:00:22,0 / 1,Male,6 feet 1 inch,95.0,3.31,2019-05-02 00:00:00,"Arambagh,Dhaka",5,Car,"Nun-Grill,Chicken Fry",50,1500,Home delivery,0.0,Twitch Live Streaming,Platinum,10 days,Fruit Salad,Sweet,long driving,Family,5000,Unimart Food Shop,Option 1,Gulshan,Yes,Yes,2.0,5.0,No,Yes,No,Khichuri-Mangsho,environment,6.0,1,shapla chottor,9-00 am,Janata Bank,Jamuna Future Park,1,Yes,No,RED,jeans&shirt,No,No one,Yes,My parents. I want to see them as happy as possible,yes I will,No.Show off and pride both are not acceptable,12000,06:00:00,10:30:00,03:30:00,Religion,Yes,Religious law,positive,Yes,1,200,2,No,High,h,High,High,Online tutorials,2019/04/03 12:52:53 PM GMT+6,True,True,True,No,Yes,B+,No,A,5 hours,3,1 lakh,Yes,Yes,Yes,Yes,Yes,No,2019/04/04 5:58:06 PM GMT+6,Bread tea,2,City,Mountain,No,No,Yes,700-1000,1,Normal,46.0,No,No,No,Yes,Yes,Yes,No,b,Yes,a,A,2
151340931,Hazaribagh,23.727835,90.374046,Sylhet,24.894802,91.869034,Biriyani,Watching youtube,Software Developer,09:00:00,3/27/2019 13:04:00,0 / 1,Male,5′ 10″,60.0,3.5,Below 1 hour,Comilla,2019-02-01 00:00:00,Car,Chinese,300,1000,eating in a restaurant,2500.0,Watching youtube,Silver,0.5,"fruits,vegetables,khichuri",Spicy,Dhanmondi,Friends,3000,Xinxian,Option 1,Dhanmondi,Yes,No,0.5,8.0,No,Yes,No,Khichuri,food_quality,0.0,2,Zigatola,8:00AM,dutch bangla bank,New Market,0,No,No,Yellow,jeans&shirt,Yes,0,No,Passion,Yes,No.,0,08:00:00,10:30:00,03:30:00,Religion,No,Country law,Negative,No,3,20,0,No,Low,h,Medium,Medium,Online tutorials,2019/04/03 12:52:29 PM GMT+6,False,True,True,No,Yes,O+,Yes,A,6,1,60000,Yes,No,No,Yes,No,Maybe,2019/04/04 11:15:36 PM GMT+6,"ruti, omelet",0,city,mountain,No,No,Maybe,200-300,2,Low,82.0,Yes,Yes,No,Yes,Maybe,Maybe,No,b,Yes,C,A,2
151340932,Tejgaon,23.7636971,90.3706906,Gopalganj,23.0894363,89.6212662,Grill & Nun,Watching Movie,Full Stack Developer,09:00:00,3/27/2019 13:05:09,0 / 1,Male,5'8'',55.0,3.4,2019-05-02 00:00:00,Gopalgonj,3,Rickshaw,Grill-Nun,120,360,eating in a restaurant,200.0,Watching Movie,Silver,0,Birani/Vegetable/Khichuri,Spicy,University,Friends,5000,Takeout,0,Dhanmondi,Yes,Yes,1.0,8.0,No,Yes,Yes,Khichuri,Food Quality,0.0,2,Tibbot,9,Dutch Bangla,New Market,1,Yes,Yes,RED,linen shirt and trousers,Yes,0,No,Income Money,Yes,No,0,10:00:00,10:30:00,15:30:00,Country,No,Religious law,positive,No,3,500,2,No,Low,h,Medium,High,Online tutorials,2019/04/03 12:53:33 PM GMT+6,True,True,False,No,No,AB+,Yes,B,8,1,50000,No,No,Yes,Yes,No,No,2019/04/04 6:47:02 PM GMT+6,Healthy,0,City,mountain,No,Yes,Maybe,200-300,0,Normal,80.0,No,No,No,Yes,Yes,Yes,Yes,a,No,B,A,3
151340933,Rampura,23.70731,90.41548,Sajek Valley,22.33037,91.83263,Beef,Watching anime,Database Analyst,10:00:00,3/27/2019 13:05:28,0 / 1,Male,"5'10""",63.0,3.416,2019-05-02 00:00:00,Rangpur,2,Cycle,"Kacchi , Kalavuna",150,450,eating in a restaurant,500.0,Gaming,Silver,0,"in Summer kacchi, In winter Pitha, in rainy season Khichuri",Spicy,university,Friends,5000-10000,Al kaderia,Option 1,"Rampura, Dhaka",No,Yes,1.0,6.0,Maybe,Yes,No,Khichuri,food_quality,1.0,3,hatirjheel,10.00am,DBBL,Basundhara City,1,Yes,Maybe,RED,jeans&shirt,No,0,No,become self independent,Yes,No,0,09:00:00,10:30:00,03:30:00,Country,No,Country law,Negative,Yes,3,500,2,Maybe,High,h,Medium,High,Class lectures,2019/04/03 12:53:11 PM GMT+6,True,True,True,Yes,No,A+,No,A,8,4,60000,No,Maybe,Maybe,Yes,No,No,2019/04/04 6:36:52 PM GMT+6,Snacks,1,city,mountain,Maybe,Yes,Maybe,200-300,2,Normal,80.0,No,No,Yes,Yes,Maybe,Yes,Yes,b,Yes,a,A,3
151340934,Rampura,23.70731,90.41548,Bandarban,21.8311,92.368629,Biriyani,Playing online game,Network Specialist,10:00:00,3/27/2019 13:01:47,0 / 1,Male,5.5,72.0,3.15,Above 5 hour,Jessore,5,Cycle,Briyani,180,500,eating in a restaurant,0.0,"playing cricket, online games",Platinum,0,Khicuri in rainy season,Sweet,Basundhara R/A,Friends,10000,Sultan Dines,Option 1,Gulsan 2,No,No,1.0,8.0,No,Yes,No,Kichuri,environment,0.0,3,Malibag,6.00 am,Dacth Bangla Bank,Basundhara,1,Yes,Yes,RED,jeans&shirt,No,0,No,getting financial stability,Yes,no,5000,07:00:00,08:00:00,15:30:00,Religion,No,Religious law,positive,No,0,100,2,No,High,High,Medium,Medium,Class lectures,2019/04/03 12:55:25 PM GMT+6,True,True,True,No,No,B+,No,A,3 hours,3,90000,Yes,Yes,Yes,Yes,No,Maybe,2019/04/04 7:37:20 PM GMT+6,porata ,1,jashore,mountain,No,No,No,400-600,0,Normal,75.0,Maybe,No,No,Maybe,Yes,Yes,Yes,b,Yes,C,B,1
151340935,Gulshan 1,23.7786° N,90.4156° E,Khulna,22.8092° N,89.5697° E,Any well cooked food,Nothing fixed,Software Developer,09:00:00,3/27/2019 13:06:21,0 / 1,Male,172.72 cm,58.0,3.15,2019-05-02 00:00:00,Khulna,5,Cycle,Biriyani,200,600,eating in a restaurant,600.0,"Reading books, hanging out with friends",Silver,0,khichuri,Spicy,University,Family,6000,Sultan's Dine,Option 1,Jigatola,Yes,Yes,1.0,8.0,Yes,Yes,Yes,khichuri,both,0.0,2019-03-02 00:00:00,police plaza,According to University class time,don't have an account,depends on the product,0,Maybe,No,Yellow,jeans&shirt,No,0,Yes,To lead a happier life,yes,"no, beacuse sometimes suffer in inferiority complex",0,09:00:00,10:30:00,03:30:00,Religion,Maybe,Religious law,Negative,Yes,2,2019-06-05 00:00:00,1,No,Medium,h,High,High,Class lectures,2019/04/03 12:55:28 PM GMT+6,True,True,False,Yes,Yes,O(+),No,A,2,1,60000,No,Yes,No,No,Yes,No,2019/04/04 7:53:36 PM GMT+6,"bread, potato",0,Khulna,Anyone,No,Yes,No,200-300,1,Normal,76.2,Yes,No,No,Yes,Yes,Yes,No,b,No,B,C,1
151340937,Mirpur-1,23.7956° N,90.3537° E,Sajek Valley,23.4056° N,92.2793° E,Spicy Food,Watching Movies & Series,Software Developer,11:00:00,3/27/2019 13:11:24,0 / 1,Female,"5'6""",56.0,3.39,2019-05-02 00:00:00,Dhaka,2019-02-01 00:00:00,Rickshaw,Kacchi,150,500,eating in a restaurant,4000.0,"Reading, Traveling",Gold,1,Faluda/Kacchi/Khichuri,Spicy,University,Family,5000,Sultan's Dines,0,Dhanmondi,Yes,Maybe,2.0,8.0,No,Yes,Yes,Khichuri,food_quality,1.0,2,Answar Camp,07:00:00,Sonali Bank Limited,Mirpur,3,Yes,Maybe,RED,urban shirt and jeans,No,none,No,Money,Yes,No,0,10:00:00,08:00:00,06:00:00,Religion,No,Religious law,Negative,Yes,2,300,1,No,Medium,h,High,High,Class lectures,2019/04/03 12:56:06 PM GMT+6,True,True,True,Yes,No,O+,Yes,B,8,1,50000,No,Maybe,Yes,Yes,No,No,2019/04/04 8:42:05 PM GMT+6,"bread, curry",0,city,mountain,No,Maybe,No,200-300,2,Normal,90.0,Yes,Yes,Maybe,No,Maybe,Yes,Maybe,b,Yes,C,C,2
151340939,Malibagh,23.758353,90.416229,Sylhet,24.89493,91.868706,Burger,Facebooking,Web Developer,11:00:00,3/27/2019 13:10:22,0 / 1,Female,5'3'',47.0,3.57,2019-05-02 00:00:00,Comilla,3,Rickshaw,Burger,60,180,eating in a restaurant,800.0,Spenting time alone,Silver,2,Burger,Sweet,Hatirjheel,Friends,5000,Mr. Burger,Option 1,Khilgaon,Yes,Maybe,2.0,8.0,Maybe,No,Yes,Khichuri,food_quality,1.0,2,Abul Hotel,00:00:00,DBBL,Bashundhara City,0,Maybe,No,RED,urban,Maybe,0,Yes,Parents,Yes,No,3000,09:30:00,10:30:00,01:00:00,Religion,No,Religious law,Negative,Yes,2,100,5,No,High,m,Medium,High,Online tutorials,2019/04/03 12:53:34 PM GMT+6,False,True,False,Yes,No,O+,Yes,A,7,1,"50,000",Maybe,Yes,Yes,Yes,No,No,2019/04/04 6:13:46 PM GMT+6,Horlicks,2,countryside,Forest,No,Yes,Maybe,200-300,1,High,94.0,Yes,Yes,No,Maybe,Yes,Yes,Maybe,b,Yes,C,C,3
151340942,Shantinagar,23.7382° N,90.4143° E,Sylhet,24.8949° N,91.8687° E,Italian,spending time with  pet pigeons,Data Scientist,06:30:00,3/27/2019 13:04:13,0 / 1,Female,5 feet 4 inches,54.0,3.5,Below 1 hour,Rajshahi,3,Car,Italian,300,100,Home delivery,15000.0,spending time with pet pigeons,Silver,about once,Momo,Spicy,Caffes,Family,5000,Coffeelicious,Option 1,Bailey Road,Yes,Maybe,1.0,6.0,Yes,Yes,Maybe,fries,"air-conditioned, private",1.0,0,Shantinagar,11:30:00,Shithi Maitra,Newmarket,0,No,No,RED,"shirt, trousers",No,1,No,Getting financial independence,yes,"No, absolutely the most ridiculous thing to do.",0,06:30:00,13:00:00,03:30:00,Country,No,Country law,Negative,No,3,very few,0,Yes,Medium,h,High,Medium,Online tutorials,2019/04/03 12:51:22 PM GMT+6,True,True,False,Maybe,No,O+,No,A,5 hours,1,"60,000",Yes,No,No,No,Yes,Yes,2019/04/04 9:45:46 PM GMT+6,rice,3,city,sea,Yes,No,No,400-600,0,Normal,44.0,Yes,No,Maybe,Yes,Yes,Yes,No,a,No,C,C,3
151340943,Mohakhali,23.780232,90.401148,Saint Martins,20.631618,92.320892,Fast food,Watching Football and TV Series,Database Analyst,09:00:00,3/27/2019 13:06:33,0 / 1,Male,170.18 CM,65.0,3.01,2019-05-02 00:00:00,Brahmanbaria,3,Car,Pizza,600,2000,eating in a restaurant,2000.0,Watching football,Gold,0,Winter,Spicy,Dhaka,Friends,6000,Alfresco,Option 1,Dhanmondi,No,No,1.0,6.0,Yes,Yes,No,Spicy foods,food quality,0.0,3,Mohalkhali,08:00:00,Sakib Eshrak,New Market,1,Yes,Yes,Yellow,jeans&shirt,Yes,4,No,To be wealthy,Yes,No. doesn't matter to me,0,10:00:00,10:30:00,15:30:00,Religion,No,Religious law,Negative,No,2,1000,1,Maybe,Low,m,Medium,High,Online tutorials,2019/04/03 12:56:17 PM GMT+6,True,True,True,Yes,Yes,O+ve,Yes,A,8hour,2,60k,No,Yes,Yes,Yes,No,No,2019/04/04 10:22:14 PM GMT+6,Porota,0,Brahmanbaria,sea,No,Yes,No,400-600,1,Normal,84.0,No,Maybe,No,Yes,Yes,Yes,Yes,b,No,C,A,2
151340944,Kathalbagan,23.746188,90.38987,Saint Martins,20.631618,92.320892,Beef curry with curds,"Gaming, watching football, cricket matches",Full Stack Developer,10:00:00,3/27/2019 13:04:07,0 / 1,Male,5' 9'',62.0,3.64,Below 1 hour,Barisal,3,Rickshaw,Kacchi,160,320,eating in a restaurant,2000.0,Playing games,Platinum,1,Kacchi,Spicy,Green Road,Friends,5000,Cafe darber,Option 1,Dhanmondi,Yes,Yes,2.0,6.0,Yes,Yes,Yes,Khichuri,food quality,1.0,3,Kawran Bazar,07:30:00,Islamic Bank,New Market,1,Yes,Yes,RED,jeans & shirt,No,0,Yes,Being one of the best,No,No. Because it is just show off.,5000,05:00:00,08:00:00,15:30:00,Religion,No,Religious law,positive,No,1,166,2,Yes,High,h,Medium,High,Online tutorials,2019/04/03 12:52:09 PM GMT+6,True,True,False,Yes,Yes,A+,Yes,A,8,1,70000,No,Yes,Yes,Yes,No,No,2019/04/04 4:53:05 PM GMT+6,Sweet,1,city,sea,No,Yes,Maybe,300,5,Normal,85.0,Yes,No,No,Yes,Yes,Yes,No,b,Yes,B,A,4
151340945,Panthapath,23.751791,90.385936,Saint Martins,20.631618,92.320892,Biriyani,"Watching Cricket,Movies",Software Developer,10:00:00,3/27/2019 13:03:15,0 / 1,Male,5 ft 7 inch,75.0,3.43,Below 1 hour,Comilla,2019-02-01 00:00:00,Car,Burger,180,500,eating in a restaurant,2640.0,Playing Cricket,Platinum,0.5,Khichuri,Spicy,Dhanmondi,Family,8000,Chillox,Option 1,Dhanmondi,Yes,Maybe,1.5,8.0,Yes,Yes,No,Khichuri,Food_Quality,1.0,2,Farmgate,08:00:00,Dutch Bangla,Banani,1,Yes,Yes,Yellow,Jeans & Shirt,No,0,Maybe,3 Idoits,Yes,no.,5000,07:00:00,08:00:00,03:30:00,Religion,No,Religious law,Negative,Maybe,1,0,6,Maybe,Medium,h,High,High,Class lectures,2019/04/03 12:53:36 PM GMT+6,True,True,False,Yes,Yes,o+,No,A,8,1,50000,Yes,Maybe,Yes,Maybe,Yes,No,2019/04/04 7:33:38 PM GMT+6,Corn flakes,1,city,sea,No,Maybe,Maybe,200-300,1,Normal,94.0,Yes,Maybe,Maybe,Yes,Yes,Yes,Maybe,b,Yes,C,B,6
151340946,Mirpur-10,23.80708505,90.36861281,Cox's Bazar,39.059479,-80.873016,Luchi Dalvaji,spending timme with family members,Software Developer,05:00:00,3/27/2019 13:01:41,0 / 1,Female,5'1,50.0,3.1,Below 1 hour,Comilla,2019-02-01 00:00:00,Car,Shawrma,Tk 100,2000,0,5000.0,Travelling,Gold,0,Fruits,Sweet,Mirpur DOHS,Family,Tk 10000,Westin,Option 1,Gulshan-2,Yes,Yes,1.0,6.0,Yes,No,Yes,Fruits,Gulshan,0.0,0,home,10:00:00,Islami Bank,Bashundhara,0,No,No,Yellow,urban,No,0,No,To see my parents happy,yes,no,nothing,04:30:00,08:00:00,15:30:00,Religion,No,Religious law,Negative,Yes,3,50,0,Yes,High,h,High,Medium,Online tutorials,2019/04/03 12:58:28 PM GMT+6,True,True,True,Yes,Yes,B+,No,A,16,1,100000,No,No,No,No,Yes,No,2019/04/04 7:32:14 PM GMT+6,"ruti , vegetable curry , milk",0,city,sea,Yes,No,Yes,200-300,0,Low,82.0,Yes,Yes,No,Yes,Yes,No,No,b,Yes,B,B,5
151340947,Dhaka Cantonment,26.78293,82.1501,Cox's Bazar,39.059479,-80.873016,Chicken ,Watching TV,Software Developer,10:30:00,3/27/2019 13:07:08,0 / 1,Female,5'2'',65.0,3.24,2019-05-02 00:00:00,Comilla,2019-02-01 00:00:00,Rickshaw,coffee,200/250,1000,eating in a restaurant,4500.0,collecting erasers,Gold,sometimes,khichuri,Spicy,banani / gulshan,Friends,5000,north end coffee roasters,Option 1,gulshan,Yes,Yes,0.4,6.0,No,Yes,Yes,star kabab,both,4.0,2019-04-03 00:00:00,kochukhet,7.00 am,0,science lab,5,No,Yes,RED,urban,Maybe,3,Yes,want my own money,yes,may be. because sometime its need badly,4000,06:00:00,08:00:00,03:30:00,Religion,No,Religious law,Negative,Maybe,2019-04-03 00:00:00,around 350,1,Maybe,Medium,h,Low,High,Online tutorials,2019/04/03 12:54:04 PM GMT+6,True,True,False,No,Yes,0+,Yes,B,10 hr,2,50,No,Yes,Yes,Yes,Maybe,Maybe,2019/04/04 6:26:40 PM GMT+6,"porota, vhaji",1,city,sea,No,Yes,No,300,1,Low,78.0,Yes,Maybe,Maybe,No,Maybe,Yes,Yes,b,Yes,a,C,2
